-0.588,0.0
-0.586,0.0
-0.584,0.0
-0.582,0.0
-0.58,0.0
-0.578,0.0
-0.576,0.0
-0.574,0.0
-0.572,0.0
-0.57,0.0
-0.568,0.0
-0.566,0.0
-0.564,0.0
-0.562,0.0
-0.56,0.0
-0.558,0.0
-0.556,0.0
-0.554,0.0
-0.552,0.0
-0.55,0.0
-0.548,0.0
-0.546,0.0
-0.544,0.0
-0.542,0.0
-0.54,0.0
-0.538,0.0
-0.536,0.0
-0.534,0.0
-0.532,0.0
-0.53,0.0
-0.528,0.0
-0.526,0.0
-0.524,0.0
-0.522,0.0
-0.52,0.0
-0.518,0.0
-0.516,0.0
-0.514,0.0
-0.512,0.0
-0.51,0.0
-0.508,0.0
-0.506,0.0
-0.504,0.0
-0.502,0.0
-0.5,0.0
-0.498,0.0
-0.496,0.0
-0.494,0.0
-0.492,0.0
-0.49,0.0
-0.488,0.0
-0.486,0.0
-0.484,0.0
-0.482,0.0
-0.48,0.0
-0.478,0.0
-0.476,0.0
-0.474,0.0
-0.472,0.0
-0.47,0.0
-0.468,0.0
-0.466,0.0
-0.464,0.0
-0.462,0.0
-0.46,0.0
-0.458,0.0
-0.456,0.0
-0.454,0.0
-0.452,0.0
-0.45,0.0
-0.448,0.0
-0.446,0.0
-0.444,0.0
-0.442,0.0
-0.44,0.0
-0.438,0.0
-0.436,0.0
-0.434,0.0
-0.432,0.0
-0.43,0.0
-0.428,0.0
-0.426,0.0
-0.424,0.0
-0.422,0.0
-0.42,0.0
-0.418,0.0
-0.416,0.0
-0.414,0.0
-0.412,0.0
-0.41,0.0
-0.408,0.0
-0.406,0.0
-0.404,0.0
-0.402,0.0
-0.4,0.0
-0.398,0.0
-0.396,0.0
-0.394,0.0
-0.392,0.0
-0.39,0.0
-0.388,0.0
-0.386,0.0
-0.384,0.0
-0.382,0.0
-0.38,0.0
-0.378,0.0
-0.376,0.0
-0.374,0.0
-0.372,0.0
-0.37,0.0
-0.368,0.0
-0.366,0.0
-0.364,0.0
-0.362,0.0
-0.36,0.0
-0.358,0.0
-0.356,0.0
-0.354,0.0
-0.352,0.0
-0.35,0.0
-0.348,0.0
-0.346,0.0
-0.344,0.0
-0.342,0.0
-0.34,0.0
-0.338,0.0
-0.336,0.0
-0.334,0.0
-0.332,0.0
-0.33,0.0
-0.328,0.0
-0.326,0.0
-0.324,0.0
-0.322,0.0
-0.32,0.0
-0.318,0.0
-0.316,0.0
-0.314,0.0
-0.312,0.0
-0.31,0.0
-0.308,0.0
-0.306,0.0
-0.304,0.0
-0.302,0.0
-0.3,0.0
-0.298,0.0
-0.296,0.0
-0.294,0.0
-0.292,0.0
-0.29,0.0
-0.288,0.0
-0.286,0.0
-0.284,0.0
-0.282,0.0
-0.28,0.0
-0.278,0.0
-0.276,0.0
-0.274,0.0
-0.272,0.0
-0.27,0.0
-0.268,0.0
-0.266,0.0
-0.264,0.0
-0.262,0.0
-0.26,0.0
-0.258,0.0
-0.256,0.0
-0.254,0.0
-0.252,0.0
-0.25,0.0
-0.248,0.0
-0.246,0.0
-0.244,0.0
-0.242,0.0
-0.24,0.0
-0.238,0.0
-0.236,0.0
-0.234,0.0
-0.232,0.0
-0.23,0.0
-0.228,0.0
-0.226,0.0
-0.224,0.0
-0.222,0.0
-0.22,0.0
-0.218,0.0
-0.216,0.0
-0.214,0.0
-0.212,0.0
-0.21,0.0
-0.208,0.0
-0.206,0.0
-0.204,0.0
-0.202,0.0
-0.2,0.0
-0.198,0.0
-0.196,0.0
-0.194,0.0
-0.192,0.0
-0.19,0.0
-0.188,0.0
-0.186,0.0
-0.184,0.0
-0.182,0.0
-0.18,0.0
-0.178,0.0
-0.176,0.0
-0.174,0.0
-0.172,0.0
-0.17,0.0
-0.168,0.0
-0.166,0.0
-0.164,0.0
-0.162,0.0
-0.16,0.0
-0.158,0.0
-0.156,0.0
-0.154,0.0
-0.152,0.0
-0.15,0.0
-0.148,0.0
-0.146,0.0
-0.144,0.0
-0.142,0.0
-0.14,3.15801e-06
-0.138,9.31614e-05
-0.136,0.000488703
-0.134,0.00160348
-0.132,0.00436595
-0.13,0.00904692
-0.128,0.0156069
-0.126,0.0235327
-0.124,0.0331007
-0.122,0.0434748
-0.12,0.0542957
-0.118,0.0657151
-0.116,0.0775553
-0.114,0.0895731
-0.112,0.102367
-0.11,0.115002
-0.108,0.128016
-0.106,0.141014
-0.104,0.154812
-0.102,0.16867
-0.1,0.18242
-0.098,0.197097
-0.096,0.210916
-0.094,0.226605
-0.092,0.241252
-0.09,0.257463
-0.088,0.272688
-0.086,0.288455
-0.084,0.303375
-0.082,0.318945
-0.08,0.335789
-0.078,0.352776
-0.076,0.369109
-0.074,0.384504
-0.072,0.402497
-0.07,0.418967
-0.068,0.436213
-0.066,0.452893
-0.064,0.470893
-0.062,0.487909
-0.06,0.504251
-0.058,0.523607
-0.056,0.54063
-0.054,0.558117
-0.052,0.577269
-0.05,0.594419
-0.048,0.612236
-0.046,0.63094
-0.044,0.649799
-0.042,0.665631
-0.04,0.683865
-0.038,0.702496
-0.036,0.720362
-0.034,0.738668
-0.032,0.758514
-0.03,0.776313
-0.028,0.794051
-0.026,0.811996
-0.024,0.831467
-0.022,0.849431
-0.02,0.867952
-0.018,0.887722
-0.016,0.904862
-0.014,0.925718
-0.012,0.942428
-0.01,0.960279
-0.008,0.977595
-0.006,0.985996
-0.004,0.993067
-0.002,0.997096
0.0,1.0
0.002,0.999403
0.004,0.997459
0.006,0.993161
0.008,0.9908
0.01,0.985208
0.012,0.97987
0.014,0.972314
0.016,0.965357
0.018,0.959464
0.02,0.949992
0.022,0.942103
0.024,0.933624
0.026,0.925302
0.028,0.91501
0.03,0.905642
0.032,0.895022
0.034,0.883721
0.036,0.872493
0.038,0.860909
0.04,0.850057
0.042,0.836724
0.044,0.823328
0.046,0.809848
0.048,0.797545
0.05,0.783422
0.052,0.769512
0.054,0.755301
0.056,0.741144
0.058,0.725085
0.06,0.710674
0.062,0.695666
0.064,0.680476
0.066,0.66596
0.068,0.649678
0.07,0.632693
0.072,0.616995
0.074,0.602376
0.076,0.585076
0.078,0.569015
0.08,0.552991
0.082,0.536765
0.084,0.51994
0.086,0.501719
0.088,0.486
0.09,0.469751
0.092,0.45177
0.094,0.436429
0.096,0.418947
0.098,0.400401
0.1,0.382745
0.102,0.36631
0.104,0.348057
0.106,0.331515
0.108,0.31381
0.11,0.295707
0.112,0.278369
0.114,0.261517
0.116,0.244386
0.118,0.229063
0.12,0.215848
0.122,0.204189
0.124,0.194519
0.126,0.186118
0.128,0.177891
0.13,0.170586
0.132,0.163821
0.134,0.157183
0.136,0.151217
0.138,0.145532
0.14,0.139719
0.142,0.134577
0.144,0.129023
0.146,0.124293
0.148,0.119831
0.15,0.115136
0.152,0.110682
0.154,0.10713
0.156,0.102995
0.158,0.0994687
0.16,0.0960139
0.162,0.0928385
0.164,0.0894278
0.166,0.0863322
0.168,0.0838989
0.17,0.080842
0.172,0.0781372
0.174,0.0754299
0.176,0.0734222
0.178,0.0715495
0.18,0.0691242
0.182,0.0668441
0.184,0.0650661
0.186,0.0638535
0.188,0.061147
0.19,0.0597686
0.192,0.0583656
0.194,0.056935
0.196,0.0552329
0.198,0.0543265
0.2,0.0523891
0.202,0.0513864
0.204,0.0502424
0.206,0.0490968
0.208,0.0477744
0.21,0.046632
0.212,0.0458401
0.214,0.044468
0.216,0.0435798
0.218,0.0430256
0.22,0.0413834
0.222,0.0403263
0.224,0.0394594
0.226,0.0390599
0.228,0.0381093
0.23,0.0372456
0.232,0.0361174
0.234,0.0351195
0.236,0.0343063
0.238,0.0344752
0.24,0.0332168
0.242,0.0324139
0.244,0.0321146
0.246,0.0313891
0.248,0.0308514
0.25,0.0301448
0.252,0.029484
0.254,0.0287142
0.256,0.028374
0.258,0.0276942
0.26,0.0272292
0.262,0.0264697
0.264,0.0260726
0.266,0.0256581
0.268,0.0249988
0.27,0.0242725
0.272,0.0239685
0.274,0.023509
0.276,0.0231806
0.278,0.0227614
0.28,0.0223816
0.282,0.0221258
0.284,0.0215621
0.286,0.020861
0.288,0.0205531
0.29,0.020265
0.292,0.0199634
0.294,0.0196223
0.296,0.0191865
0.298,0.018776
0.3,0.0184025
0.302,0.0184215
0.304,0.0179067
0.306,0.0175365
0.308,0.0172325
0.31,0.0172649
0.312,0.0167264
0.314,0.0165211
0.316,0.0161367
0.318,0.0160364
0.32,0.0155635
0.322,0.0153558
0.324,0.0150969
0.326,0.0148521
0.328,0.0145608
0.33,0.0142
0.332,0.0144187
0.334,0.0138337
0.336,0.0136142
0.338,0.0133718
0.34,0.0133773
0.342,0.0130331
0.344,0.0128286
0.346,0.0126881
0.348,0.012231
0.35,0.0122089
0.352,0.0119199
0.354,0.0119349
0.356,0.0115694
0.358,0.0114391
0.36,0.011286
0.362,0.0111067
0.364,0.0109488
0.366,0.0106433
0.368,0.0106472
0.37,0.0104199
0.372,0.0102083
0.374,0.010348
0.376,0.0100164
0.378,0.0096801
0.38,0.00963826
0.382,0.00951825
0.384,0.00933114
0.386,0.0091085
0.388,0.00913692
0.39,0.00916298
0.392,0.00870033
0.394,0.00866875
0.396,0.00868217
0.398,0.00841374
0.4,0.00825899
0.402,0.00813031
0.404,0.00811846
0.406,0.00790767
0.408,0.00782477
0.41,0.00757529
0.412,0.00772292
0.414,0.00727448
0.416,0.00736607
0.418,0.00727054
0.42,0.00708974
0.422,0.00703684
0.424,0.00683868
0.426,0.00668394
0.428,0.00665157
0.43,0.00647945
0.432,0.00644708
0.434,0.0063634
0.436,0.00630182
0.438,0.00599707
0.44,0.00595759
0.442,0.0058818
0.444,0.00579653
0.446,0.00568916
0.448,0.00552179
0.45,0.0054681
0.452,0.00538678
0.454,0.00531099
0.456,0.00521151
0.458,0.0051144
0.46,0.00505282
0.462,0.00489413
0.464,0.0048665
0.466,0.00476544
0.468,0.00472123
0.47,0.00459254
0.472,0.00444096
0.474,0.00447727
0.476,0.00422147
0.478,0.00426806
0.48,0.00423411
0.482,0.00408094
0.484,0.0040691
0.486,0.00403515
0.488,0.00387251
0.49,0.00376119
0.492,0.00368777
0.494,0.00362935
0.496,0.00356145
0.498,0.00356698
0.5,0.00346118
0.502,0.00331276
0.504,0.00324723
0.506,0.00316749
0.508,0.00326302
0.51,0.00302775
0.512,0.00299064
0.514,0.00296222
0.516,0.00293616
0.518,0.00288406
0.52,0.00280432
0.522,0.00277431
0.524,0.00269379
0.526,0.00265352
0.528,0.00257852
0.53,0.00251141
0.532,0.00247667
0.534,0.00243404
0.536,0.00252246
0.538,0.00234404
0.54,0.00233456
0.542,0.00229667
0.544,0.00224298
0.546,0.00217982
0.548,0.00216087
0.55,0.00217508
0.552,0.00214824
0.554,0.00202429
0.556,0.00199665
0.558,0.00201797
0.56,0.00192165
0.562,0.00199902
0.564,0.00182612
0.566,0.00183244
0.568,0.00181507
0.57,0.00176375
0.572,0.00175033
0.574,0.00173296
0.576,0.00165401
0.578,0.00163348
0.58,0.00163664
0.582,0.00162875
0.584,0.00158295
0.586,0.00161453
0.588,0.00149374
0.59,0.0014969
0.592,0.00149216
0.594,0.00146137
0.596,0.0014519
0.598,0.00140453
0.6,0.00141084
0.602,0.00139347
0.604,0.00135558
0.606,0.00128136
0.608,0.00131137
0.61,0.00126636
0.612,0.00123084
0.614,0.00121899
0.616,0.0012261
0.618,0.00121505
0.62,0.0011732
0.622,0.00115189
0.624,0.00112662
0.626,0.00114794
0.628,0.00111004
0.63,0.00105715
0.632,0.00108399
0.634,0.00107215
0.636,0.00102162
0.638,0.000941088
0.64,0.000973458
0.642,0.000932403
0.644,0.000948194
0.646,0.000946615
0.648,0.000881086
0.65,0.000883454
0.652,0.000825031
0.654,0.000907139
0.656,0.000838453
0.658,0.00079424
0.66,0.00081082
0.662,0.000742923
0.664,0.000736607
0.666,0.000783977
0.668,0.000738975
0.67,0.000705027
0.672,0.000685289
0.674,0.000670288
0.676,0.000666341
0.678,0.000591338
0.68,0.000633182
0.682,0.000591338
0.684,0.000615023
0.686,0.000582654
0.688,0.000551863
0.69,0.000557389
0.692,0.00054081
0.694,0.000519493
0.696,0.000526599
0.698,0.000536073
0.7,0.000457912
0.702,0.000476071
0.704,0.000438964
0.706,0.00044449
0.708,0.000436595
0.71,0.000416858
0.712,0.000405805
0.714,0.00039712
0.716,0.000392383
0.718,0.000371856
0.72,0.000379751
0.722,0.000375804
0.724,0.000316591
0.726,0.000352119
0.728,0.000318959
0.73,0.00030159
0.732,0.000259747
0.734,0.000299222
0.736,0.000259747
0.738,0.000280274
0.74,0.000247904
0.742,0.000245536
0.744,0.000250273
0.746,0.000263694
0.748,0.000240009
0.75,0.000217113
0.752,0.000216324
0.754,0.000225008
0.756,0.000192639
0.758,0.000202902
0.76,0.000195007
0.762,0.000202113
0.764,0.000187112
0.766,0.000183165
0.768,0.000191849
0.77,0.000180796
0.772,0.000177638
0.774,0.000166585
0.776,0.000141321
0.778,0.000168164
0.78,0.000146848
0.782,0.000145269
0.784,0.000140532
0.786,0.000156322
0.788,0.000141321
0.79,0.000124742
0.792,0.000141321
0.794,0.000125531
0.796,0.000122373
0.798,0.000145269
0.8,0.000129479
0.802,0.000134216
0.804,0.000113688
0.806,9.78984e-05
0.808,0.000123163
0.81,0.000115267
0.812,0.000120005
0.814,9.94774e-05
0.816,9.71089e-05
0.818,0.000104214
0.82,9.00034e-05
0.822,9.86879e-05
0.824,9.39509e-05
0.826,0.000100267
0.828,9.39509e-05
0.83,0.000102635
0.832,9.23719e-05
0.834,8.92139e-05
0.836,8.13189e-05
0.838,8.21084e-05
0.84,8.92139e-05
0.842,8.60559e-05
0.844,5.92128e-05
0.846,8.36874e-05
0.848,6.86868e-05
0.85,7.97398e-05
0.852,7.81608e-05
0.854,7.34238e-05
0.856,7.42133e-05
0.858,7.26343e-05
0.86,7.26343e-05
0.862,6.94763e-05
0.864,6.78973e-05
0.866,6.63183e-05
0.868,7.89503e-05
0.87,5.68442e-05
0.872,6.00023e-05
0.874,6.63183e-05
0.876,5.60547e-05
0.878,5.60547e-05
0.88,6.07918e-05
0.882,5.28967e-05
0.884,5.76337e-05
0.886,5.05282e-05
0.888,5.05282e-05
0.89,4.81597e-05
0.892,3.39486e-05
0.894,4.10542e-05
0.896,3.63172e-05
0.898,4.73702e-05
0.9,4.50017e-05
0.902,4.81597e-05
0.904,3.31591e-05
0.906,3.78962e-05
0.908,3.47382e-05
0.91,3.31591e-05
0.912,2.28956e-05
0.914,2.92116e-05
0.916,2.21061e-05
0.918,2.44746e-05
0.92,2.28956e-05
0.922,3.31591e-05
0.924,2.84221e-05
0.926,3.00011e-05
0.928,2.60536e-05
0.93,2.68431e-05
0.932,2.92116e-05
0.934,2.76326e-05
0.936,2.05271e-05
0.938,2.84221e-05
0.94,1.97376e-05
0.942,2.05271e-05
0.944,1.81586e-05
0.946,2.36851e-05
0.948,1.42111e-05
0.95,1.42111e-05
0.952,2.13166e-05
0.954,1.57901e-05
0.956,1.81586e-05
0.958,1.81586e-05
0.96,1.34216e-05
0.962,1.73691e-05
0.964,1.1053e-05
0.966,1.73691e-05
0.968,1.42111e-05
0.97,1.18426e-05
0.972,1.34216e-05
0.974,1.57901e-05
0.976,1.50006e-05
0.978,9.47404e-06
0.98,6.31603e-06
0.982,1.02635e-05
0.984,5.52652e-06
0.986,7.10553e-06
0.988,5.52652e-06
0.99,3.15801e-06
0.992,6.31603e-06
0.994,5.52652e-06
0.996,7.89503e-06
0.998,1.18426e-05
1.0,7.89503e-06
1.002,6.31603e-06
1.004,2.36851e-06
1.006,7.89503e-06
1.008,2.36851e-06
1.01,7.10553e-06
1.012,8.68454e-06
1.014,6.31603e-06
1.016,2.36851e-06
1.018,2.36851e-06
1.02,3.15801e-06
1.022,2.36851e-06
1.024,3.15801e-06
1.026,2.36851e-06
1.028,3.94752e-06
1.03,1.57901e-06
1.032,7.89503e-07
1.034,7.89503e-07
1.036,2.36851e-06
1.038,1.57901e-06
1.04,1.57901e-06
1.042,2.36851e-06
1.044,7.89503e-07
1.046,1.57901e-06
1.048,0.0
1.05,0.0
1.052,1.57901e-06
1.054,1.57901e-06
1.056,7.89503e-07
1.058,0.0
1.06,0.0
1.062,7.89503e-07
1.064,7.89503e-07
1.066,7.89503e-07
1.068,0.0
1.07,1.57901e-06
1.072,0.0
1.074,3.15801e-06
1.076,7.89503e-07
1.078,0.0
1.08,1.57901e-06
1.082,1.57901e-06
1.084,0.0
1.086,0.0
1.088,7.89503e-07
1.09,7.89503e-07
1.092,0.0
1.094,0.0
1.096,0.0
1.098,0.0
1.1,0.0
1.102,0.0
1.104,7.89503e-07
1.106,0.0
1.108,7.89503e-07
1.11,0.0
1.112,0.0
1.114,7.89503e-07
1.116,0.0
1.118,0.0
1.12,0.0
1.122,7.89503e-07
1.124,0.0
1.126,0.0
1.128,7.89503e-07
1.13,0.0
1.132,0.0
1.134,7.89503e-07
1.136,0.0
1.138,0.0
1.14,0.0
1.142,0.0
1.144,0.0
1.146,7.89503e-07
1.148,0.0
1.15,0.0
1.152,0.0
1.154,0.0
1.156,0.0
1.158,7.89503e-07
1.16,0.0
1.162,0.0
1.164,0.0
1.166,0.0
1.168,0.0
1.17,0.0
1.172,0.0
1.174,0.0
1.176,0.0
1.178,0.0
1.18,0.0
1.182,0.0
1.184,0.0
1.186,0.0
1.188,0.0
1.19,0.0
1.192,0.0
1.194,0.0
1.196,0.0
1.198,0.0
1.2,0.0
1.202,0.0
1.204,0.0
1.206,0.0
1.208,0.0
1.21,0.0
1.212,0.0
1.214,0.0
1.216,0.0
1.218,7.89503e-07
1.22,0.0
1.222,0.0
1.224,0.0
1.226,0.0
1.228,0.0
1.23,0.0
1.232,0.0
1.234,0.0
1.236,0.0
1.238,0.0
1.24,0.0
1.242,0.0
1.244,0.0
1.246,0.0
1.248,0.0
1.25,0.0
1.252,0.0
1.254,0.0
1.256,0.0
1.258,0.0
1.26,0.0
1.262,0.0
1.264,0.0
1.266,0.0
1.268,0.0
1.27,0.0
1.272,0.0
1.274,0.0
1.276,0.0
1.278,0.0
1.28,0.0
1.282,0.0
1.284,0.0
1.286,0.0
1.288,0.0
1.29,0.0
1.292,0.0
1.294,0.0
1.296,0.0
1.298,0.0
1.3,0.0
1.302,0.0
1.304,0.0
1.306,0.0
1.308,0.0
1.31,0.0
1.312,0.0
1.314,0.0
1.316,0.0
1.318,0.0
1.32,0.0
1.322,0.0
1.324,0.0
1.326,0.0
1.328,0.0
1.33,0.0
1.332,0.0
1.334,0.0
1.336,0.0
1.338,0.0
1.34,0.0
1.342,0.0
1.344,0.0
1.346,0.0
1.348,0.0
1.35,0.0
1.352,0.0
1.354,0.0
1.356,0.0
1.358,0.0
1.36,0.0
1.362,0.0
1.364,0.0
1.366,0.0
1.368,0.0
1.37,0.0
1.372,0.0
1.374,0.0
1.376,0.0
1.378,0.0
1.38,0.0
1.382,0.0
1.384,0.0
1.386,0.0
1.388,0.0
1.39,0.0
1.392,0.0
1.394,0.0
1.396,0.0
1.398,0.0
1.4,0.0
1.402,0.0
1.404,0.0
1.406,0.0
1.408,0.0
1.41,0.0
1.412,0.0
1.414,0.0
1.416,0.0
1.418,0.0
1.42,0.0
1.422,0.0
1.424,0.0
1.426,0.0
1.428,0.0
1.43,0.0
1.432,0.0
1.434,0.0
1.436,0.0
1.438,0.0
1.44,0.0
1.442,0.0
1.444,0.0
1.446,0.0
1.448,0.0
1.45,0.0
1.452,0.0
1.454,0.0
1.456,0.0
1.458,0.0
1.46,0.0
1.462,0.0
1.464,0.0
1.466,0.0
1.468,0.0
1.47,0.0
1.472,0.0
1.474,0.0
1.476,0.0
1.478,0.0
1.48,0.0
1.482,0.0
1.484,0.0
1.486,0.0
1.488,0.0
1.49,0.0
1.492,0.0
1.494,0.0
1.496,0.0
1.498,0.0
1.5,0.0
1.502,0.0
1.504,0.0
1.506,0.0
1.508,0.0
1.51,0.0
1.512,0.0
1.514,0.0
1.516,0.0
1.518,0.0
1.52,0.0
1.522,0.0
1.524,0.0
1.526,0.0
1.528,0.0
1.53,0.0
1.532,0.0
1.534,0.0
1.536,0.0
1.538,0.0
1.54,0.0
1.542,0.0
1.544,0.0
1.546,0.0
1.548,0.0
1.55,0.0
1.552,0.0
1.554,0.0
1.556,0.0
1.558,0.0
1.56,0.0
1.562,0.0
1.564,0.0
1.566,0.0
1.568,0.0
1.57,0.0
1.572,0.0
1.574,0.0
1.576,0.0
1.578,0.0
1.58,0.0
1.582,0.0
1.584,0.0
1.586,0.0
1.588,0.0
1.59,0.0
1.592,0.0
1.594,0.0
1.596,0.0
1.598,0.0
1.6,0.0
1.602,0.0
1.604,0.0
1.606,0.0
1.608,0.0
1.61,0.0
1.612,0.0
1.614,0.0
1.616,0.0
1.618,0.0
1.62,0.0
1.622,0.0
1.624,0.0
1.626,0.0
1.628,0.0
1.63,0.0
1.632,0.0
1.634,0.0
1.636,0.0
1.638,0.0
1.64,0.0
1.642,0.0
1.644,0.0
1.646,0.0
1.648,0.0
1.65,0.0
1.652,0.0
1.654,0.0
1.656,0.0
1.658,0.0
1.66,0.0
1.662,0.0
1.664,0.0
1.666,0.0
1.668,0.0
1.67,0.0
1.672,0.0
1.674,0.0
1.676,0.0
1.678,0.0
1.68,0.0
1.682,0.0
1.684,0.0
1.686,0.0
1.688,0.0
1.69,0.0
1.692,0.0
1.694,0.0
1.696,0.0
1.698,0.0
1.7,0.0
1.702,0.0
1.704,0.0
1.706,0.0
1.708,0.0
1.71,0.0
1.712,0.0
1.714,0.0
1.716,0.0
1.718,0.0
1.72,0.0
1.722,0.0
1.724,0.0
1.726,0.0
1.728,0.0
1.73,0.0
1.732,0.0
1.734,0.0
1.736,0.0
1.738,0.0
1.74,0.0
1.742,0.0
1.744,0.0
1.746,0.0
1.748,0.0
1.75,0.0
1.752,0.0
1.754,0.0
1.756,0.0
1.758,0.0
1.76,0.0
1.762,0.0
1.764,0.0
1.766,0.0
1.768,0.0
1.77,0.0
1.772,0.0
1.774,0.0
1.776,0.0
1.778,0.0
1.78,0.0
1.782,0.0
1.784,0.0
1.786,0.0
1.788,0.0
1.79,0.0
1.792,0.0
1.794,0.0
1.796,0.0
1.798,0.0
1.8,0.0
1.802,0.0
1.804,0.0
1.806,0.0
1.808,0.0
1.81,0.0
1.812,0.0
1.814,0.0
1.816,0.0
1.818,0.0
1.82,0.0
1.822,0.0
1.824,0.0
1.826,0.0
1.828,0.0
1.83,0.0
1.832,0.0
1.834,0.0
1.836,0.0
1.838,0.0
1.84,0.0
1.842,0.0
1.844,0.0
1.846,0.0
1.848,0.0
1.85,0.0
1.852,0.0
1.854,0.0
1.856,0.0
1.858,0.0
1.86,0.0
1.862,0.0
1.864,0.0
1.866,0.0
1.868,0.0
1.87,0.0
1.872,0.0
1.874,0.0
1.876,0.0
1.878,0.0
1.88,0.0
1.882,0.0
1.884,0.0
1.886,0.0
1.888,0.0
1.89,0.0
1.892,0.0
1.894,0.0
1.896,0.0
1.898,0.0
1.9,0.0
1.902,0.0
1.904,0.0
1.906,0.0
1.908,0.0
1.91,0.0
1.912,0.0
1.914,0.0
1.916,0.0
1.918,0.0
1.92,0.0
1.922,0.0
1.924,0.0
1.926,0.0
1.928,0.0
1.93,0.0
1.932,0.0
1.934,0.0
1.936,0.0
1.938,0.0
1.94,0.0
1.942,0.0
1.944,0.0
1.946,0.0
1.948,0.0
1.95,0.0
1.952,0.0
1.954,0.0
1.956,0.0
1.958,0.0
1.96,0.0
1.962,0.0
1.964,0.0
1.966,0.0
1.968,0.0
1.97,0.0
1.972,0.0
1.974,0.0
1.976,0.0
1.978,0.0
1.98,0.0
1.982,0.0
1.984,0.0
1.986,0.0
1.988,0.0
1.99,0.0
1.992,0.0
1.994,0.0
1.996,0.0
1.998,0.0
2.0,0.0
2.002,0.0
2.004,0.0
2.006,0.0
2.008,0.0
2.01,0.0
2.012,0.0
2.014,0.0
2.016,0.0
2.018,0.0
2.02,0.0
2.022,0.0
2.024,0.0
2.026,0.0
2.028,0.0
2.03,0.0
2.032,0.0
2.034,0.0
2.036,0.0
2.038,0.0
2.04,0.0
2.042,0.0
2.044,0.0
2.046,0.0
2.048,0.0
2.05,0.0
2.052,0.0
2.054,0.0
2.056,0.0
2.058,0.0
2.06,0.0
2.062,0.0
2.064,0.0
2.066,0.0
2.068,0.0
2.07,0.0
2.072,0.0
2.074,0.0
2.076,0.0
2.078,0.0
2.08,0.0
2.082,0.0
2.084,0.0
2.086,0.0
2.088,0.0
2.09,0.0
2.092,0.0
2.094,0.0
2.096,0.0
2.098,0.0
2.1,0.0
2.102,0.0
2.104,0.0
2.106,0.0
2.108,0.0
2.11,0.0
2.112,0.0
2.114,0.0
2.116,0.0
2.118,0.0
2.12,0.0
2.122,0.0
2.124,0.0
2.126,0.0
2.128,0.0
2.13,0.0
2.132,0.0
2.134,0.0
2.136,0.0
2.138,0.0
2.14,0.0
2.142,0.0
2.144,0.0
2.146,0.0
2.148,0.0
2.15,0.0
2.152,0.0
2.154,0.0
2.156,0.0
2.158,0.0
2.16,0.0
2.162,0.0
2.164,0.0
2.166,0.0
2.168,0.0
2.17,0.0
2.172,0.0
2.174,0.0
2.176,0.0
2.178,0.0
2.18,0.0
2.182,0.0
2.184,0.0
2.186,0.0
2.188,0.0
2.19,0.0
2.192,0.0
2.194,0.0
2.196,0.0
2.198,0.0
2.2,0.0
2.202,0.0
2.204,0.0
2.206,0.0
2.208,0.0
2.21,0.0
2.212,0.0
2.214,0.0
2.216,0.0
2.218,0.0
2.22,0.0
2.222,0.0
2.224,0.0
2.226,0.0
2.228,0.0
2.23,0.0
2.232,0.0
2.234,0.0
2.236,0.0
2.238,0.0
2.24,0.0
2.242,0.0
2.244,0.0
2.246,0.0
2.248,0.0
2.25,0.0
2.252,0.0
2.254,0.0
2.256,0.0
2.258,0.0
2.26,0.0
2.262,0.0
2.264,0.0
2.266,0.0
2.268,0.0
2.27,0.0
2.272,0.0
2.274,0.0
2.276,0.0
2.278,0.0
2.28,0.0
2.282,0.0
2.284,0.0
2.286,0.0
2.288,0.0
2.29,0.0
2.292,0.0
2.294,0.0
2.296,0.0
2.298,0.0
2.3,0.0
2.302,0.0
2.304,0.0
2.306,0.0
2.308,0.0
2.31,0.0
2.312,0.0
2.314,0.0
2.316,0.0
2.318,0.0
2.32,0.0
2.322,0.0
2.324,0.0
2.326,0.0
2.328,0.0
2.33,0.0
2.332,0.0
2.334,0.0
2.336,0.0
2.338,0.0
2.34,0.0
2.342,0.0
2.344,0.0
2.346,0.0
2.348,0.0
2.35,0.0
2.352,0.0
2.354,0.0
2.356,0.0
2.358,0.0
2.36,0.0
2.362,0.0
2.364,0.0
2.366,0.0
2.368,0.0
2.37,0.0
2.372,0.0
2.374,0.0
2.376,0.0
2.378,0.0
2.38,0.0
2.382,0.0
2.384,0.0
2.386,0.0
2.388,0.0
2.39,0.0
2.392,0.0
2.394,0.0
2.396,0.0
2.398,0.0
2.4,0.0
2.402,0.0
2.404,0.0
2.406,0.0
2.408,0.0
2.41,0.0
2.412,0.0
2.414,0.0
2.416,0.0
2.418,0.0
2.42,0.0
2.422,0.0
2.424,0.0
2.426,0.0
2.428,0.0
2.43,0.0
2.432,0.0
2.434,0.0
2.436,0.0
2.438,0.0
2.44,0.0
2.442,0.0
2.444,0.0
2.446,0.0
2.448,0.0
2.45,0.0
2.452,0.0
2.454,0.0
2.456,0.0
2.458,0.0
2.46,0.0
2.462,0.0
2.464,0.0
2.466,0.0
2.468,0.0
2.47,0.0
2.472,0.0
2.474,0.0
2.476,0.0
2.478,0.0
2.48,0.0
2.482,0.0
2.484,0.0
2.486,0.0
2.488,0.0
2.49,0.0
2.492,0.0
2.494,0.0
2.496,0.0
2.498,0.0
2.5,0.0
2.502,0.0
2.504,0.0
2.506,0.0
2.508,0.0
2.51,0.0
2.512,0.0
2.514,0.0
2.516,0.0
2.518,0.0
2.52,0.0
2.522,0.0
2.524,0.0
2.526,0.0
2.528,0.0
2.53,0.0
2.532,0.0
2.534,0.0
2.536,0.0
2.538,0.0
2.54,0.0
2.542,0.0
2.544,0.0
2.546,0.0
2.548,0.0
2.55,0.0
2.552,0.0
2.554,0.0
2.556,0.0
2.558,0.0
2.56,0.0
2.562,0.0
2.564,0.0
2.566,0.0
2.568,0.0
2.57,0.0
2.572,0.0
2.574,0.0
2.576,0.0
2.578,0.0
2.58,0.0
2.582,0.0
2.584,0.0
2.586,0.0
2.588,0.0
2.59,0.0
2.592,0.0
2.594,0.0
2.596,0.0
2.598,0.0
2.6,0.0
2.602,0.0
2.604,0.0
2.606,0.0
2.608,0.0
2.61,0.0
2.612,0.0
2.614,0.0
2.616,0.0
2.618,0.0
2.62,0.0
2.622,0.0
2.624,0.0
2.626,0.0
2.628,0.0
2.63,0.0
2.632,0.0
2.634,0.0
2.636,0.0
2.638,0.0
2.64,0.0
2.642,0.0
2.644,0.0
2.646,0.0
2.648,0.0
2.65,0.0
2.652,0.0
2.654,0.0
2.656,0.0
2.658,0.0
2.66,0.0
2.662,0.0
2.664,0.0
2.666,0.0
2.668,0.0
2.67,0.0
2.672,0.0
2.674,0.0
2.676,0.0
2.678,0.0
2.68,0.0
2.682,0.0
2.684,0.0
2.686,0.0
2.688,0.0
2.69,0.0
2.692,0.0
2.694,0.0
2.696,0.0
2.698,0.0
2.7,0.0
2.702,0.0
2.704,0.0
2.706,0.0
2.708,0.0
2.71,0.0
2.712,0.0
2.714,0.0
2.716,0.0
2.718,0.0
2.72,0.0
2.722,0.0
2.724,0.0
2.726,0.0
2.728,0.0
2.73,0.0
2.732,0.0
2.734,0.0
2.736,0.0
2.738,0.0
2.74,0.0
2.742,0.0
2.744,0.0
2.746,0.0
2.748,0.0
2.75,0.0
2.752,0.0
2.754,0.0
2.756,0.0
2.758,0.0
2.76,0.0
2.762,0.0
2.764,0.0
2.766,0.0
2.768,0.0
2.77,0.0
2.772,0.0
2.774,0.0
2.776,0.0
2.778,0.0
2.78,0.0
2.782,0.0
2.784,0.0
2.786,0.0
2.788,0.0
2.79,0.0
2.792,0.0
2.794,0.0
2.796,0.0
2.798,0.0
2.8,0.0
2.802,0.0
2.804,0.0
2.806,0.0
2.808,0.0
2.81,0.0
2.812,0.0
2.814,0.0
2.816,0.0
2.818,0.0
2.82,0.0
2.822,0.0
2.824,0.0
2.826,0.0
2.828,0.0
2.83,0.0
2.832,0.0
2.834,0.0
2.836,0.0
2.838,0.0
2.84,0.0
2.842,0.0
2.844,0.0
2.846,0.0
2.848,0.0
2.85,0.0
2.852,0.0
2.854,0.0
2.856,0.0
2.858,0.0
2.86,0.0
2.862,0.0
2.864,0.0
2.866,0.0
2.868,0.0
2.87,0.0
2.872,0.0
2.874,0.0
2.876,0.0
2.878,0.0
2.88,0.0
2.882,0.0
2.884,0.0
2.886,0.0
2.888,0.0
2.89,0.0
2.892,0.0
2.894,0.0
2.896,0.0
2.898,0.0
2.9,0.0
2.902,0.0
2.904,0.0
2.906,0.0
2.908,0.0
2.91,0.0
2.912,0.0
2.914,0.0
2.916,0.0
2.918,0.0
2.92,0.0
2.922,0.0
2.924,0.0
2.926,0.0
2.928,0.0
2.93,0.0
2.932,0.0
2.934,0.0
2.936,0.0
2.938,0.0
2.94,0.0
2.942,0.0
2.944,0.0
2.946,0.0
2.948,0.0
2.95,0.0
2.952,0.0
2.954,0.0
2.956,0.0
2.958,0.0
2.96,0.0
2.962,0.0
2.964,0.0
2.966,0.0
2.968,0.0
2.97,0.0
2.972,0.0
2.974,0.0
2.976,0.0
2.978,0.0
2.98,0.0
2.982,0.0
2.984,0.0
2.986,0.0
2.988,0.0
2.99,0.0
2.992,0.0
2.994,0.0
2.996,0.0
2.998,0.0
3.0,0.0
3.002,0.0
3.004,0.0
3.006,0.0
3.008,0.0
3.01,0.0
3.012,0.0
3.014,0.0
3.016,0.0
3.018,0.0
3.02,0.0
3.022,0.0
3.024,0.0
3.026,0.0
3.028,0.0
3.03,0.0
3.032,0.0
3.034,0.0
3.036,0.0
3.038,0.0
3.04,0.0
3.042,0.0
3.044,0.0
3.046,0.0
3.048,0.0
3.05,0.0
3.052,0.0
3.054,0.0
3.056,0.0
3.058,0.0
3.06,0.0
3.062,0.0
3.064,0.0
3.066,0.0
3.068,0.0
3.07,0.0
3.072,0.0
3.074,0.0
3.076,0.0
3.078,0.0
3.08,0.0
3.082,0.0
3.084,0.0
3.086,0.0
3.088,0.0
3.09,0.0
3.092,0.0
3.094,0.0
3.096,0.0
3.098,0.0
3.1,0.0
3.102,0.0
3.104,0.0
3.106,0.0
3.108,0.0
3.11,0.0
3.112,0.0
3.114,0.0
3.116,0.0
3.118,0.0
3.12,0.0
3.122,0.0
3.124,0.0
3.126,0.0
3.128,0.0
3.13,0.0
3.132,0.0
3.134,0.0
3.136,0.0
3.138,0.0
3.14,0.0
3.142,0.0
3.144,0.0
3.146,0.0
3.148,0.0
3.15,0.0
3.152,0.0
3.154,0.0
3.156,0.0
3.158,0.0
3.16,0.0
3.162,0.0
3.164,0.0
3.166,0.0
3.168,0.0
3.17,0.0
3.172,0.0
3.174,0.0
3.176,0.0
3.178,0.0
3.18,0.0
3.182,0.0
3.184,0.0
3.186,0.0
3.188,0.0
3.19,0.0
3.192,0.0
3.194,0.0
3.196,0.0
3.198,0.0
3.2,0.0
3.202,0.0
3.204,0.0
3.206,0.0
3.208,0.0
3.21,0.0
3.212,0.0
3.214,0.0
3.216,0.0
3.218,0.0
3.22,0.0
3.222,0.0
3.224,0.0
3.226,0.0
3.228,0.0
3.23,0.0
3.232,0.0
3.234,0.0
3.236,0.0
3.238,0.0
3.24,0.0
3.242,0.0
3.244,0.0
3.246,0.0
3.248,0.0
3.25,0.0
3.252,0.0
3.254,0.0
3.256,0.0
3.258,0.0
3.26,0.0
3.262,0.0
3.264,0.0
3.266,0.0
3.268,0.0
3.27,0.0
3.272,0.0
3.274,0.0
3.276,0.0
3.278,0.0
3.28,0.0
3.282,0.0
3.284,0.0
3.286,0.0
3.288,0.0
3.29,0.0
3.292,0.0
3.294,0.0
3.296,0.0
3.298,0.0
3.3,0.0
3.302,0.0
3.304,0.0
3.306,0.0
3.308,0.0
3.31,0.0
3.312,0.0
3.314,0.0
3.316,0.0
3.318,0.0
3.32,0.0
3.322,0.0
3.324,0.0
3.326,0.0
3.328,0.0
3.33,0.0
3.332,0.0
3.334,0.0
3.336,0.0
3.338,0.0
3.34,0.0
3.342,0.0
3.344,0.0
3.346,0.0
3.348,0.0
3.35,0.0
3.352,0.0
3.354,0.0
3.356,0.0
3.358,0.0
3.36,0.0
3.362,0.0
3.364,0.0
3.366,0.0
3.368,0.0
3.37,0.0
3.372,0.0
3.374,0.0
3.376,0.0
3.378,0.0
3.38,0.0
3.382,0.0
3.384,0.0
3.386,0.0
3.388,0.0
3.39,0.0
3.392,0.0
3.394,0.0
3.396,0.0
3.398,0.0
3.4,0.0
3.402,0.0
3.404,0.0
3.406,0.0
3.408,0.0
3.41,0.0
